{
   "funs": {
      "pow2": [
         [
            "x"
         ],
         [
            [
               "mul",
               "x",
               "x"
            ]
         ],
         "x"
      ],
      "pow3": [
         [
            "y"
         ],
         [
            [
               "pow2",
               "y"
            ],
            [
               "mul",
               "y",
               "x"
            ]
         ],
         "y"
      ]
   },
   "vars": {
      "oeherth": 9.8596,
      "q": 5.4923203449,
      "qfa": 12.871637190697294,
      "qigsdlv": 729.0,
      "t": 2.34357,
      "test": 12.871637190697294,
      "test2": 2132.5605440698027,
      "x": 81.0,
      "y": 12.871637190697294
   }
}